Job Title,Company Name,Location,Skills,Link
Python Developer,Afaqy,"Maadi, Cairo, Egypt",ComputerScience,https://wuzzuf.net/jobs/p/vOih05R9ip4s-Python-Developer-Afaqy-Cairo-Egypt
Full-Stack Python Team Leader (Django/React),RDI,"Riyadh, Saudi Arabia",SoftwareDevelopment,https://wuzzuf.net/jobs/p/QYjtCS50gnXV-Full-Stack-Python-Team-Leader-DjangoReact-RDI-Riyadh-Saudi-Arabia
Senior Full-Stack Python (Django/React) in KSA,RDI,"Dokki, Giza, Egypt",Python,https://wuzzuf.net/jobs/p/o21S64HNCZ4B-Senior-Full-Stack-Python-DjangoReact-in-KSA-RDI-Giza-Egypt
DAZU Pay - Python Developer (FinTech),BrightCreations,"Smart Village, Giza, Egypt",React,https://wuzzuf.net/jobs/p/fAigo2QoJCS5-DAZU-Pay---Python-Developer-FinTech-Bright-Creations-Giza-Egypt
Junior Python Developer,RDI,"Dokki, Giza, Egypt",Django,https://wuzzuf.net/jobs/p/xJp7GQsxL0de-Junior-Python-Developer-RDI-Giza-Egypt
Technical Lead (Python Django & React Native),MoneyLoop,"New Cairo, Cairo, Egypt",FullStackDevelopment,https://wuzzuf.net/jobs/p/OIf0OxgJ527L-Technical-Lead-Python-Django-React-Native-Money-Loop-Cairo-Egypt
Junior Backend Software Developer (RESTful APIs & Django),OolaTechnologies,"Sheikh Zayed, Giza, Egypt",InformationTechnologyIT,https://wuzzuf.net/jobs/p/E89xYgKoV55o-Junior-Backend-Software-Developer-RESTful-APIs-Django-Oola-Technologies-Giza-Egypt
Google Cloud Engineer,Cloud,"Cairo, Egypt",ComputerScience,https://wuzzuf.net/jobs/p/c7uW7HwsgyIY-Google-Cloud-Engineer-Cloud11-Cairo-Egypt
ODOO Developer,AldabboosGroup,"Sheraton, Cairo, Egypt",RESTfulAPI,https://wuzzuf.net/jobs/p/5xJFptUIWWhc-ODOO-Developer-Aldabboos-Group-Cairo-Egypt
Data Analyst Lead / Manager,WUZZUF,"Maadi, Cairo, Egypt",MicroserviceArchitecture,https://wuzzuf.net/jobs/p/Z2oRrb24292t-Data-Analyst-Lead-Manager-WUZZUF-Cairo-Egypt
Full Stack Developer (Laravel & Angular),AldabboosGroup,"Sheraton, Cairo, Egypt",DatabaseSystems,https://wuzzuf.net/jobs/p/lMuxGXGTp461-Full-Stack-Developer-Laravel-Angular-Aldabboos-Group-Cairo-Egypt
System/ Identity Engineer,TeleperformanceEgypt,"Katameya, Cairo, Egypt",React,https://wuzzuf.net/jobs/p/s8Un80G5GSEa-System-Identity-Engineer-Teleperformance---Egypt-Cairo-Egypt
Senior Data Modeler (Banking Experience Required),BBIConsultancy,"Maadi, Cairo, Egypt",Django,https://wuzzuf.net/jobs/p/oLYTmxxTsn8Y-Senior-Data-Modeler-Banking-Experience-Required-BBI-Consultancy-Cairo-Egypt
Odoo Developer,ENAYACAREINTERNATIONALCOMPANYFORBEAUTYANDCOMFORT,"Jeddah, Saudi Arabia",FullStackDevelopment,https://wuzzuf.net/jobs/p/FZid3YiJMUbf-Odoo-Developer-ENAYA-CARE-INTERNATIONAL-COMPANY-FOR-BEAUTY-AND-COMFORT-Jeddah-Saudi-Arabia
Machine Learning Engineer,Afaqy,"Maadi, Cairo, Egypt",InformationTechnologyIT,https://wuzzuf.net/jobs/p/i6gKb2MTXTOO-Machine-Learning-Engineer-Afaqy-Cairo-Egypt
Javascript Engineer,Constructor,"San Francisco, United States",SoftwareDevelopment,https://wuzzuf.net/jobs/p/3nquHd7f178N-Javascript-Engineer-Constructor-San-Francisco-United-States
Linux Systems Administrator,HorizonTechs,"Cairo, Egypt",engineer,https://wuzzuf.net/jobs/p/hdfFgy8cpnNA-Linux-Systems-Administrator-HorizonTechs-Cairo-Egypt
Odoo Developer,AwamerAlshabaka,"Mansoura, Dakahlia, Egypt",Integrations,https://wuzzuf.net/jobs/p/gNEbQPQALgXS-Odoo-Developer-Awamer-Alshabaka-اوامر-الشبكه-Dakahlia-Egypt
Odoo ERP Implementer,Confidential,"Sheraton, Cairo, Egypt",JavaScript,https://wuzzuf.net/jobs/p/UijC2T4bENug-Odoo-ERP-Implementer-Cairo-Egypt
Data Engineer,Coformatique,"Cairo, Egypt",ComputerScience,https://wuzzuf.net/jobs/p/qNomjSPCqDVm-Data-Engineer-Coformatique-Cairo-Egypt
Software Engineer,LemonTreeLabs,"Downtown, Cairo, Egypt",CSS,https://wuzzuf.net/jobs/p/mpKLNVG3VyYy-Software-Engineer-LemonTree-Labs-Cairo-Egypt
Odoo Developer,AlHayatCapital,"Mokattam, Cairo, Egypt",Design,https://wuzzuf.net/jobs/p/NlpQQurAo4yg-Odoo-Developer-Al-Hayat-Capital-Cairo-Egypt
System Administrator Title,Confidential,"Heliopolis, Cairo, Egypt",Frontend,https://wuzzuf.net/jobs/p/rR9zjopbueXp-System-Administrator-Title-Cairo-Egypt
Senior Odoo developer,PureGroup,"Cairo, Egypt",Linux,https://wuzzuf.net/jobs/p/tQurtmpwAuW8-Senior-Odoo-developer-Pure-Group-Cairo-Egypt
Senior Odoo Implementor,XyrisDigitalSolutions,"Cairo, Egypt",Python,https://wuzzuf.net/jobs/p/zv36f2NDZods-Senior-Odoo-Implementor-Xyris-Digital-Solutions-Cairo-Egypt
Data Analyst,ECCGroup,"Nasr City, Cairo, Egypt",SystemAdministration,https://wuzzuf.net/jobs/p/etv0rlXaAxE8-Data-Analyst-ECC-Group-Cairo-Egypt
Mid-Senior Penetration Tester (Pen-Tester),Confidential,"Riyadh, Saudi Arabia",troubleshoot,https://wuzzuf.net/jobs/p/emMDirshGSbS-Mid-Senior-Penetration-Tester-Pen-Tester-Riyadh-Saudi-Arabia
Senior Data Engineer,PaymobSolutions,"Maadi, Cairo, Egypt",Zabbix,https://wuzzuf.net/jobs/p/4Zf6wFHvvzze-Senior-Data-Engineer-Paymob-Solutions-Cairo-Egypt
IOT Process optimization consultant / 6 Months contract,EfadaTechnology,"6th of October, Giza, Egypt",WebApplication,https://wuzzuf.net/jobs/p/JlQP331EgCgp-IOT-Process-optimization-consultant-6-Months-contract-Efada-Technology-Giza-Egypt
Senior NET Developer,Techsa,"New Cairo, Cairo, Egypt",Network,https://wuzzuf.net/jobs/p/tyISD3tuXjWC-Senior-NET-Developer-Techsa-Cairo-Egypt
STEM Instructor/Teacher,TechAdemics,"New Cairo, Cairo, Egypt",Teaching,https://wuzzuf.net/jobs/p/yQypaIpASoyH-STEM-InstructorTeacher-TechAdemics-Cairo-Egypt
Python Developer,Digizilla,"Cairo, Egypt",ComputerScience,https://wuzzuf.net/jobs/p/Yr23wrOTNJzg-Python-Developer-Digizilla-Cairo-Egypt
Odoo Developer,YodawyMed,"Giza, Egypt",Education,https://wuzzuf.net/jobs/p/ZpdLYfNPR9kL-Odoo-Developer-Yodawy-Med-Giza-Egypt
Senior Data Analyst,AlAhlycapitalholdingAlAhlyTamkeen,"Zamalek, Cairo, Egypt",Electronics,https://wuzzuf.net/jobs/p/l2HsysPBSUnM-Senior-Data-Analyst-Al-Ahly-capital-holding---Al-Ahly-Tamkeen-Cairo-Egypt
Senior odoo developer,Algoriza,"Giza, Egypt",STEM,https://wuzzuf.net/jobs/p/8S5hxuFMGZot-Senior-odoo-developer-Algoriza-Giza-Egypt
Integration Specialist,Confidential,"Nasr City, Cairo, Egypt",Programming,https://wuzzuf.net/jobs/p/RJtXTHhKeht0-Integration-Specialist-Cairo-Egypt
Automation Engineer,Confidential,"Beni Suef, Beni Suef, Egypt",Robotics,https://wuzzuf.net/jobs/p/FmpppXEXW7kt-Automation-Engineer-Beni-Suef-Egypt
Odoo Developer,MOTHOL,"Nasr City, Cairo, Egypt",ComputerScience,https://wuzzuf.net/jobs/p/zi3nf1JMwcZ0-Odoo-Developer-MOTHOL-Cairo-Egypt
Odoo Developer,MittalforConsultation,"Maadi, Cairo, Egypt",Django,https://wuzzuf.net/jobs/p/EmDeZGJrVC2H-Odoo-Developer-Mittal-for-Consultation-Cairo-Egypt
Senior AI Engineer,Lumin,"Sheikh Zayed, Giza, Egypt",Flask,https://wuzzuf.net/jobs/p/qZt8hX89HQtt-Senior-AI-Engineer-Lumin-Giza-Egypt
Junior Software Tester,RDI,"Dokki, Giza, Egypt",SoftwareDevelopment,https://wuzzuf.net/jobs/p/iWsMzOqXYaJK-Junior-Software-Tester-RDI-Giza-Egypt
Data Analyst,Options,"Cairo, Egypt",InformationTechnologyIT,https://wuzzuf.net/jobs/p/L0E2Pq7S2bqQ-Data-Analyst-Options-Cairo-Egypt
Django Developer,Confidential,"Sheikh Zayed, Giza, Egypt",Python,https://wuzzuf.net/jobs/p/rpCUsaudVIY2-Django-Developer-Giza-Egypt
Data Analyst,CarinaWear,"New Cairo, Cairo, Egypt",Programming,https://wuzzuf.net/jobs/p/BzOoVQ8CU4Zp-Data-Analyst-Carina-Wear-Cairo-Egypt
ICT/ Coding Teacher - 6 of October City,Confidential,"6th of October, Giza, Egypt",JavaScript,https://wuzzuf.net/jobs/p/6dAG2X9eErAD-ICT-Coding-Teacher---6-of-October-City-Giza-Egypt
BI Data Analyst,Confidential,"Nasr City, Cairo, Egypt",Analysis,https://wuzzuf.net/jobs/p/y4g4QcDGxdQh-BI-Data-Analyst-Cairo-Egypt
Odoo Developer,Confidential,"Cairo, Egypt",BIAnalyst,https://wuzzuf.net/jobs/p/MH9thZqL1ovN-Odoo-Developer-Cairo-Egypt
AI Data Science and Machine Learning Instructor,CLSLearningSolutions,"Dokki, Giza, Egypt",DataAnalyst,https://wuzzuf.net/jobs/p/z0CoEumbENY6-AI-Data-Science-and-Machine-Learning-Instructor-CLS-Learning-Solutions-Giza-Egypt
Odoo Developer,TrioMSmartSolutions,"Cairo, Egypt",excel,https://wuzzuf.net/jobs/p/A8zPrWW8PPnu-Odoo-Developer-Trio-M-Smart-Solutions-Cairo-Egypt
Software Engineer,RDTSportsEquipmentTradingEST,"Alexandria, Egypt",PowerBI,https://wuzzuf.net/jobs/p/JjisQC7GqyEC-Software-Engineer-R-D-T-Sports-Equipment-Trading-EST-Alexandria-Egypt
Linux System Administrator/ Integrator,Confidential,"Smart Village, Giza, Egypt",Python,https://wuzzuf.net/jobs/p/Qpjwn6X6VPHG-Linux-System-Administrator-Integrator-Giza-Egypt
Machine Learning Engineer,CitylogixME,"New Cairo, Cairo, Egypt",DataAnalysis,https://wuzzuf.net/jobs/p/xW6hEKRfdfE0-Machine-Learning-Engineer-StreetScan-Cairo-Egypt
Data Scientist,BBIConsultancy,"Nasr City, Cairo, Egypt",InformationTechnologyIT,https://wuzzuf.net/jobs/p/ADYmYAIdfprB-Data-Scientist-BBI-Consultancy-Cairo-Egypt
Data Scientist,WakebData,"Mohandessin, Giza, Egypt",ERP,https://wuzzuf.net/jobs/p/A1R0nwGwUvSB-Data-Scientist-Wakeb-Data-Giza-Egypt
Senior Backend Developer,FoxSoft,"San Stefano, Alexandria, Egypt",Odoo,https://wuzzuf.net/jobs/p/5MtU8Z61E9Z0-Senior-Backend-Developer-Fox-Soft-Alexandria-Egypt
Front-End Developer,Shebak,"Smart Village, Giza, Egypt",PostgreSQL,https://wuzzuf.net/jobs/p/ozJfNNybUDGz-Front-End-Developer-Shebak-Giza-Egypt
DevOps Engineer,SoftecTechnologies,"Maadi, Cairo, Egypt",Python,https://wuzzuf.net/jobs/p/N33h30LSmRgj-DevOps-Engineer-Softec-Technologies-Cairo-Egypt
AI Engineer,PaxerahealthCorp,"Cairo, Egypt",SoftwareDevelopment,https://wuzzuf.net/jobs/p/xslEtIqI7D7T-AI-Engineer-Paxerahealth-Corp-Cairo-Egypt
Senior Developer - Enterprise Software,eTTomorrowInformationTechnology,"New Cairo, Cairo, Egypt",InformationTechnologyIT,https://wuzzuf.net/jobs/p/qUQwm7nzDftm-Senior-Developer---Enterprise-Software-eT3---Tomorrow-Information-Technology-Cairo-Egypt
Senior Odoo Developer,BeyondInsuranceBrokerage,"Maadi, Cairo, Egypt",XML,https://wuzzuf.net/jobs/p/9THfssh7EEm1-Senior-Odoo-Developer-Beyond-Insurance-Brokerage-Cairo-Egypt
Senior Odoo Developer,Confidential,"Nasr City, Cairo, Egypt",Odoo,https://wuzzuf.net/jobs/p/mLWyQKGSAR7o-Senior-Odoo-Developer-Cairo-Egypt
Computer Vision Engineer,RTRSoftwareSolutions,"Nasr City, Cairo, Egypt",InformationTechnologyIT,https://wuzzuf.net/jobs/p/PExD7hrcOjRm-Computer-Vision-Engineer-RTR-Software-Solutions-Cairo-Egypt
Senior Odoo Developer,OdooTec,"New Cairo, Cairo, Egypt",ERP,https://wuzzuf.net/jobs/p/rLVEfgbXz71P-Senior-Odoo-Developer-OdooTec-Cairo-Egypt
Senior Backend Developer,PioneersNow,"Nasr City, Cairo, Egypt",OdooERP,https://wuzzuf.net/jobs/p/Mqo3dmpbrOAE-Senior-Backend-Developer-Pioneers-Now-Cairo-Egypt
Data Analyst,NICEONE,"Riyadh, Saudi Arabia",Accounting,https://wuzzuf.net/jobs/p/g/EpgslzXympnx-Data-Analyst-NICE-ONE-نايس-ون-Riyadh-Saudi-Arabia
Part-Time/Full-Time Remote Data Entry Clerk,Beeldwerkcollectivestudio,"Dubai, United Arab Emirates",ComputerScience,https://wuzzuf.net/jobs/p/g/EehCbmCAok8U-Part-TimeFull-Time-Remote-Data-Entry-Clerk-Beeldwerk-collective-studio-127-Dubai-United-Arab-Emirates
Learning & Development Management Lead Specialist,ZakatTaxandCustomsAuthority,"Riyadh, Saudi Arabia",OdooDevelopment,https://wuzzuf.net/jobs/p/g/qETeXaxNIqtk-Learning-Development-Management-Lead-Specialist-Zakat-Tax-and-Customs-Authority-Riyadh-Saudi-Arabia
Intelligence Analyst (Hybrid),PINKERTONComprehensiveRiskManagement,"Dubai, United Arab Emirates",English,https://wuzzuf.net/jobs/p/g/cf0dXyZtmGXk-Intelligence-Analyst-Hybrid-PINKERTON-Comprehensive-Risk-Management-Dubai-United-Arab-Emirates
Part Time/Full Time Remote Data Entry Clerk,MANTechnologyEnvironment,"Dubai, United Arab Emirates",technical,https://wuzzuf.net/jobs/p/g/lpXqcJMtjw8a-Part-TimeFull-Time-Remote-Data-Entry-Clerk-MAN-Technology-Environment-Dubai-United-Arab-Emirates
"Node JS with Golang, React",ParamInfo,"Dubai, United Arab Emirates",Engineering,https://wuzzuf.net/jobs/p/g/DYQShT675WRn-Node-JS-with-Golang-React-ParamInfo-Dubai-United-Arab-Emirates
Reliability Engineer I,NorthOilCompanyQatar,"Doha, Qatar",Communicationskills,https://wuzzuf.net/jobs/p/g/g7wtdcvtK09W-Reliability-Engineer-I-North-Oil-Company-Qatar-Doha-Qatar
Full-Time/Part-Time Remote Data Entry Clerk,CoffeeNewsofDurhamRTPandMorrisville,"Riyadh, Saudi Arabia",Python,https://wuzzuf.net/jobs/p/g/P4MFIGIsDxC2-Full-TimePart-Time-Remote-Data-Entry-Clerk-Coffee-News-of-Durham-RTP-and-Morrisville-Riyadh-Saudi-Arabia
Data Analyst,Truelancercom,"Riyadh, Saudi Arabia",ComputerVision,https://wuzzuf.net/jobs/p/g/8JteJPvTALBh-Data-Analyst-Truelancer-com-Riyadh-Saudi-Arabia
Data Analyst-,PayTechGroup,"Dubai, United Arab Emirates",NLP,https://wuzzuf.net/jobs/p/g/BaFkaxBsxMzI-Data-Analyst--PayTech-Group-Dubai-United-Arab-Emirates
Learning & Development Manager,NoonTheSocialLearningPlatform,"Riyadh, Saudi Arabia",yolo,https://wuzzuf.net/jobs/p/g/6jecOzC7IPKA-Learning-Development-Manager-Noon---The-Social-Learning-Platform-Riyadh-Saudi-Arabia
Junior Business Intelligence Analyst (Remote),Kreativstorm,"Dubai, United Arab Emirates",ComputerScience,https://wuzzuf.net/jobs/p/g/gPQBIxGp6AqX-Junior-Business-Intelligence-Analyst-Remote-Kreativstorm-Dubai-United-Arab-Emirates
Data Engineer,ProcterGamble,"Dubai, United Arab Emirates",InformationTechnologyIT,https://wuzzuf.net/jobs/p/g/rriJHXZ6dhQC-Data-Engineer-Procter-Gamble-Dubai-United-Arab-Emirates
Data Scientist,Foreground,"Riyadh, Saudi Arabia",BusinessAnalysis,https://wuzzuf.net/jobs/p/g/ZONkBA9MqLJ5-Data-Scientist-Foreground-Riyadh-Saudi-Arabia
Part Time/Full Time Remote Data Entry Clerk,CoffeeNewsofDurhamRTPandMorrisville,"Riyadh, Saudi Arabia",Engineering,https://wuzzuf.net/jobs/p/g/ItJH37zgowr9-Part-TimeFull-Time-Remote-Data-Entry-Clerk-Coffee-News-of-Durham-RTP-and-Morrisville-Riyadh-Saudi-Arabia
Data Scientist,SupportFinity,"Dubai, United Arab Emirates",BI,https://wuzzuf.net/jobs/p/g/1K7DnErxLr3D-Data-Scientist-SupportFinity™-Dubai-United-Arab-Emirates
Backend Tech Lead,Snoonu,"Doha, Qatar",Python,https://wuzzuf.net/jobs/p/g/ZtBT6HZxgK26-Backend-Tech-Lead-Snoonu-Doha-Qatar
Data Analyst,BlueIris,"Dubai, United Arab Emirates",SQL,https://wuzzuf.net/jobs/p/g/VfWoMDc7gglU-Data-Analyst-Blue-Iris-Dubai-United-Arab-Emirates
Data Analyst,BayutKSA,"Riyadh, Saudi Arabia",InformationTechnologyIT,https://wuzzuf.net/jobs/p/g/uYv7WJ1o97ji-Data-Analyst-Bayut-KSA-Riyadh-Saudi-Arabia
Learning & Development Digitalization Manager,Almarai,"Riyadh, Saudi Arabia",ComputerScience,https://wuzzuf.net/jobs/p/g/TX83nKXJDOvO-Learning-Development-Digitalization-Manager-Almarai---المراعي-Riyadh-Saudi-Arabia
Organizational Development Lead,GolfSaudi,"Riyadh, Saudi Arabia",ComputerEngineering,https://wuzzuf.net/jobs/p/g/TuPrrFLDnydW-Organizational-Development-Lead-Golf-Saudi-Riyadh-Saudi-Arabia
Data Analyst,HALA,"Riyadh, Saudi Arabia",Engineering,https://wuzzuf.net/jobs/p/g/SnN1aUcuVp7p-Data-Analyst-HALA-Riyadh-Saudi-Arabia
Data Analyst,talabat,"Kuwait City, Kuwait",SoftwareEngineering,https://wuzzuf.net/jobs/p/g/lONmbx1Btl0Q-Data-Analyst-talabat-Kuwait-City-Kuwait
Coders - AI Training [Remote],Braintrust,"Riyadh, Saudi Arabia",SoftwareDevelopment,https://wuzzuf.net/jobs/p/g/sJjFeeMGpjWE-Coders---AI-Training-Remote-Braintrust-Riyadh-Saudi-Arabia
Process Engineer,SABIC,"Riyadh, Saudi Arabia",SQL,https://wuzzuf.net/jobs/p/g/rP9nvRiEJ3AX-Process-Engineer-SABIC-Riyadh-Saudi-Arabia
Advanced Offensive Cyber Operations Instructor,SilotechGroupInc,"Dubai, United Arab Emirates",Python,https://wuzzuf.net/jobs/p/g/ht4Vz1tsSBfr-Advanced-Offensive-Cyber-Operations-Instructor-Silotech-Group-Inc-Dubai-United-Arab-Emirates
Linux Admin-Riyadh,eTeam,"Dubai, United Arab Emirates",InformationTechnologyIT,https://wuzzuf.net/jobs/p/g/zf7T6ojFj8PI-Linux-Admin-Riyadh-eTeam-Dubai-United-Arab-Emirates
Remote Virtual Data Input Clerk: Remote Work,Theaterbrigade,"Dubai, United Arab Emirates",Linux,https://wuzzuf.net/jobs/p/g/obpS55GSg1Ah-Remote-Virtual-Data-Input-Clerk-Remote-Work-Theaterbrigade-Dubai-United-Arab-Emirates
Frappe developer,DynamicTechnology,"Nasr City, Cairo, Egypt",ComputerScience,https://wuzzuf.net/jobs/p/wQfJHB9tjZ6f-Frappe-developer-Dynamic-Technology-Cairo-Egypt
Senior Odoo Developer,Confidential,"Cleopatra, Alexandria, Egypt",MySQL,https://wuzzuf.net/jobs/p/7lUZQWqc6tsD-Senior-Odoo-Developer-Alexandria-Egypt
AI Engineer,TheOsirisLabs,"Mokattam, Cairo, Egypt",SystemAdministration,https://wuzzuf.net/jobs/p/VuUGsRgdzCC6-AI-Engineer-The-Osiris-Labs-Cairo-Egypt
Senior DevOps Engineer,AlAhlyMomknforepayment,"Maadi, Cairo, Egypt",CentOS,https://wuzzuf.net/jobs/p/IPeRTb7VAmGh-Senior-DevOps-Engineer-Al-Ahly-Momkn-for-e-payment-Cairo-Egypt
Full Stack Developer,VisitVentures,"New Cairo, Cairo, Egypt",PHP,https://wuzzuf.net/jobs/p/jD1wa4Ka0jAO-Full-Stack-Developer-Visit-Ventures-Cairo-Egypt
Quality Assurance tester,PartnerMore,"New Cairo, Cairo, Egypt",computerscience,https://wuzzuf.net/jobs/p/HQIn1HQyIsml-Quality-Assurance-tester-Partner-More-Cairo-Egypt
Certified Odoo Developer,Confidential,"Baghdad, Iraq",informationtechnologyit,https://wuzzuf.net/jobs/p/B4oXp8Xg8pC7-Certified-Odoo-Developer-Baghdad-Iraq
Senior Data Analyst,Goldentex,"10th of Ramadan City, Sharqia, Egypt",computerengineering,https://wuzzuf.net/jobs/p/pDuDzSwwSi9g-Senior-Data-Analyst-Goldentex-Sharqia-Egypt
Senior Full Stack Developer,IbnSinaPharma,"Maadi, Cairo, Egypt",python,https://wuzzuf.net/jobs/p/4TOmbxizc06L-Senior-Full-Stack-Developer-Ibn-Sina-Pharma-Cairo-Egypt
IT system Administrator,Eduhive,"Bolkly, Alexandria, Egypt",software,https://wuzzuf.net/jobs/p/Lv2qqCDmmKuk-IT-system-Administrator-Eduhive-Alexandria-Egypt
Senior Full Stack Developer,SalemVentures,"Maadi, Cairo, Egypt",microsoftoffice,https://wuzzuf.net/jobs/p/GJdr4nqMUF1t-Senior-Full-Stack-Developer-Salem-Ventures-Cairo-Egypt
Programming Trainer (Applications & Websites),GBCorp,"6th of October, Giza, Egypt",management,https://wuzzuf.net/jobs/p/3Gjf3arQBrkR-Programming-Trainer-Applications-Websites-GB-Corp-Giza-Egypt
Senior Full Stack Developer,PACKNMOVELOGISTICS,"Heliopolis, Cairo, Egypt",InformationTechnologyIT,https://wuzzuf.net/jobs/p/U8GFyWRzus21-Senior-Full-Stack-Developer-PACK-‘N’-MOVE-LOGISTICS-Cairo-Egypt
System Administrator,DanatTravels,"Nasr City, Cairo, Egypt",Software,https://wuzzuf.net/jobs/p/fF50kHDA77qJ-System-Administrator-Danat-Travels-Cairo-Egypt
Web Development & Programming Teacher (Various Locations inside Egypt),Confidential,"Cairo, Egypt",Communication,https://wuzzuf.net/jobs/p/J4dDBYdB9IuF-Web-Development-Programming-Teacher-Various-Locations-inside-Egypt-Cairo-Egypt
Smart Home Devices - IOT Team Leader,Confidential,"Mansoura, Dakahlia, Egypt",computer,https://wuzzuf.net/jobs/p/7HPEikQ7pJh2-Smart-Home-Devices---IOT-Team-Leader-Dakahlia-Egypt
Full Stack Web Developer,Generator,"Heliopolis, Cairo, Egypt",ComputerScience,https://wuzzuf.net/jobs/p/55agC10oJg0e-Full-Stack-Web-Developer-Generator-Cairo-Egypt
Senior Devops Engineer,Confidential,"Alexandria, Egypt",Databases,https://wuzzuf.net/jobs/p/GvG3CfqF7NwH-Senior-Devops-Engineer-Alexandria-Egypt
Full Stack Developer,AlShababAlTamoheen,"Jeddah, Saudi Arabia",Helpdesk,https://wuzzuf.net/jobs/p/KqtjPY7jNskA-Full-Stack-Developer-Al-Shabab-Al-Tamoheen-Jeddah-Saudi-Arabia
Data Annotation Team Lead,EgInsurtech,"Cairo, Egypt",Informationtechnology,https://wuzzuf.net/jobs/p/A5qTdwlu96Gb-Data-Annotation-Team-Lead-Eg-Insurtech-Cairo-Egypt
Senior QC Tester,waffarhacom,"Downtown, Cairo, Egypt",ComputerScience,https://wuzzuf.net/jobs/p/CA31xakP3Acn-Senior-QC-Tester-waffarha-com-Cairo-Egypt
Full Stack Developer,Confidential,"New Cairo, Cairo, Egypt",InformationTechnologyIT,https://wuzzuf.net/jobs/p/Vbbkf7D2jtOu-Full-Stack-Developer-Cairo-Egypt
Junior MERN Full Stack Developer,SalemVentures,"Maadi, Cairo, Egypt",Programming,https://wuzzuf.net/jobs/p/claV1gwEg9NA-Junior-MERN-Full-Stack-Developer-Salem-Ventures-Cairo-Egypt
web developer and PHP,souqco,"New Cairo, Cairo, Egypt",WebDevelopment,https://wuzzuf.net/jobs/p/bO2potsxP4ah-web-developer-and-PHP-souq-co-Cairo-Egypt
Senior Full Stack Java Developer,MTSIT,"Maadi, Cairo, Egypt",Education,https://wuzzuf.net/jobs/p/FCYs3rKPalYj-Senior-Full-Stack-Java-Developer-MTS-IT-Cairo-Egypt
Unreal Engine Programmer,WakebData,"Mohandessin, Giza, Egypt",PHPWebDevelopment,https://wuzzuf.net/jobs/p/hDZiJ31rfHmd-Unreal-Engine-Programmer-Wakeb-Data-Giza-Egypt
IT Section Head,Confidential,"Obour City, Cairo, Egypt",ElectricalEngineering,https://wuzzuf.net/jobs/p/iZif0qUUZRxz-IT-Section-Head-Cairo-Egypt
Senior Security Engineer,CleopatraHospitalsGroup,"Maadi, Cairo, Egypt",SmartHome,https://wuzzuf.net/jobs/p/e5o4yWjz7bZe-Senior-Security-Engineer-Cleopatra-Hospitals-Group-Cairo-Egypt
Junior Azure cloud engineer,EfadaTechnology,"New Cairo, Cairo, Egypt",CloudComputing,https://wuzzuf.net/jobs/p/h7EgmwzoBz1G-Junior-Azure-cloud-engineer-Efada-Technology-Cairo-Egypt
Web Designer and Developer,ahramat,"Sheikh Zayed, Giza, Egypt",Cloud,https://wuzzuf.net/jobs/p/uRWhAM5vGCwL-Web-Designer-and-Developer-ahramat-Giza-Egypt
Senior Odoo Developer,Confidential,"Sidi Gaber, Alexandria, Egypt",DNS,https://wuzzuf.net/jobs/p/QJrMjYfl7Z09-Senior-Odoo-Developer-Alexandria-Egypt
Senior software engineer specialized ( Microservices environment),Confidential,"Nasr City, Cairo, Egypt",Engineering,https://wuzzuf.net/jobs/p/kibSfpkXp8E4-Senior-software-engineer-specialized-Microservices-environment-Cairo-Egypt
[Remote] Frontend intern,Freightdog,"Amsterdam, Netherlands",ComputerScience,https://wuzzuf.net/internship/cKMGOSBHDJ7a-Remote-Frontend-intern-Freightdog-Amsterdam-Netherlands
Senior Data Engineer,NahdetMisrPublishingGroup,"Mohandessin, Giza, Egypt",AzureActiveDirectory,https://wuzzuf.net/jobs/p/4jhR3nrGkJFn-Senior-Data-Engineer-Nahdet-Misr-Publishing-Group-Giza-Egypt
Application Support Engineer - ITSM/ITOM Solutions,SanatechGlobalSolutions,"Smouha, Alexandria, Egypt",Azure,https://wuzzuf.net/jobs/p/YutTYGNK49u2-Application-Support-Engineer---ITSMITOM-Solutions-Sanatech-Global-Solutions-Alexandria-Egypt
Data Engineer Expert (ETL Informatica Tools),BBIConsultancy,"Nasr City, Cairo, Egypt",ActiveDirectory,https://wuzzuf.net/jobs/p/FkaZws5apOam-Data-Engineer-Expert-ETL-Informatica-Tools-BBI-Consultancy-Cairo-Egypt
Web Developer,YASPROMEDIA,"Cairo, Egypt",Designer,https://wuzzuf.net/jobs/p/rgUiumQttrzK-Web-Developer-YASPROMEDIA-Cairo-Egypt
Senior Blockchain Developer,eVision,"Cairo, Egypt",developer,https://wuzzuf.net/jobs/p/4dBUv7QZOIBs-Senior-Blockchain-Developer-eVision-Cairo-Egypt
Senior .NET Core Developer,AccelerateDigitalTransformationUltimusEgypt,"New Cairo, Cairo, Egypt",Web,https://wuzzuf.net/jobs/p/13ZLs5IRgqny-Senior-NET-Core-Developer-Accelerate-Digital-Transformation---Ultimus-Egypt-Cairo-Egypt
Senior Manual and Automation Quality Control,Confidential,"Riyadh, Saudi Arabia",Webdesigner,https://wuzzuf.net/jobs/p/VNhms662JyqJ-Senior-Manual-and-Automation-Quality-Control-Riyadh-Saudi-Arabia
Infrastructure Engineer,Confidential,"6th of October, Giza, Egypt",WebDevelopment,https://wuzzuf.net/jobs/p/38nNOP3iJtha-Infrastructure-Engineer-Giza-Egypt
Full Stack Developer,engisoftengineering,"Ain Shams, Cairo, Egypt",ComputerScience,https://wuzzuf.net/jobs/p/GXvgF8F8sZbE-Full-Stack-Developer-engisoft-engineering-Cairo-Egypt
Senior Data Center Engineer - Hyper Converged Implementation,ITDynamicsIntegratedSolutions,"New Cairo, Cairo, Egypt",InformationTechnologyIT,https://wuzzuf.net/jobs/p/kzBzDPP5674S-Senior-Data-Center-Engineer---Hyper-Converged-Implementation-IT-Dynamics-Integrated-Solutions-Cairo-Egypt
Senior PHP Laravel Developer,Confidential,"Maadi, Cairo, Egypt",PHPLaravel,https://wuzzuf.net/jobs/p/U6mlVOnIO1Ax-Senior-PHP-Laravel-Developer-Cairo-Egypt
Senior Devops Engineer,WakebData,"Mohandessin, Giza, Egypt",PHPLaravel,https://wuzzuf.net/jobs/p/gSPipbDaWjcM-Senior-Devops-Engineer-Wakeb-Data-Giza-Egypt
IT Manager,TheTranslationGate,"Maadi, Cairo, Egypt",SeniorPHP,https://wuzzuf.net/jobs/p/7fOwlPvZMiAC-IT-Manager-The-Translation-Gate-Cairo-Egypt
Data Analyst,RoyalLab,"Heliopolis, Cairo, Egypt",SoftwareDevelopment,https://wuzzuf.net/jobs/p/KZEzU6kSB5X0-Data-Analyst-Royal-Lab-Cairo-Egypt
IT Application Development and Support Engineer,Confidential,"Sheikh Zayed, Giza, Egypt",senior,https://wuzzuf.net/jobs/p/XKLNx0lMWecv-IT-Application-Development-and-Support-Engineer-Giza-Egypt
Web Analytics Specialist,scandiweb,"Alexandria, Egypt",PHP,https://wuzzuf.net/jobs/p/l0uvEsKIecum-Web-Analytics-Specialist-scandiweb-Alexandria-Egypt
Software QA Engineer,Ejada,"Heliopolis, Cairo, Egypt",laraveldeveloper,https://wuzzuf.net/jobs/p/8iDVyYjWNlc2-Software-QA-Engineer-Ejada-Cairo-Egypt
System Administrator,RDI,"Dokki, Giza, Egypt",Laravel,https://wuzzuf.net/jobs/p/RxGaVW0gUXGH-System-Administrator-RDI-Giza-Egypt
Software Engineer,Dubenga,"Dubai, United Arab Emirates",Docker,https://wuzzuf.net/jobs/p/g/RE3QPnpYwJoE-Software-Engineer-Dubenga-Dubai-United-Arab-Emirates
"Senior Automation Quality Engineer (Selenium, Appium, REST Assured)",MoneyLoop,"New Cairo, Cairo, Egypt",DevOps,https://wuzzuf.net/jobs/p/9m55xjFldnlz-Senior-Automation-Quality-Engineer-Selenium-Appium-REST-Assured-Money-Loop-Cairo-Egypt
Software Engineer (kuwait),WorkinVirtual,"Kuwait City, Kuwait",Software,https://wuzzuf.net/jobs/p/g/gz0iWnMOe9Et-Software-Engineer-kuwait-WorkinVirtual-Kuwait-City-Kuwait
Network Engineer - Kuwait,WorkinVirtual,"Kuwait City, Kuwait",Azure,https://wuzzuf.net/jobs/p/g/SKsk6DKCom1S-Network-Engineer---Kuwait-WorkinVirtual-Kuwait-City-Kuwait
Senior Full Stack Developer,JOBWORLDINDIA,"Riyadh, Saudi Arabia",ComputerScience,https://wuzzuf.net/jobs/p/g/VQyYKXdUsKVR-Senior-Full-Stack-Developer-JOBWORLD-INDIA-Riyadh-Saudi-Arabia
Junior Backend Developer (Remote),Kreativstorm,"Tabuk, Saudi Arabia",InformationTechnologyIT,https://wuzzuf.net/jobs/p/g/D1VG0kcO8ZKl-Junior-Backend-Developer-Remote-Kreativstorm-Tabuk-Saudi-Arabia
Chief Technology Officer,ASTUDIO,"Dubai, United Arab Emirates",Linux,https://wuzzuf.net/jobs/p/g/o8lb36HN8PQr-Chief-Technology-Officer-ASTUDIO-Dubai-United-Arab-Emirates
Applications Developer,EzdanHoldingGroup,"Doha, Qatar",InformationTechnologyIT,https://wuzzuf.net/jobs/p/g/yATuIDPuUdue-Applications-Developer-Ezdan-Holding-Group-Doha-Qatar
Software Engineer - Intern (Remote Internship - IT),Kreativstorm,"Tabuk, Saudi Arabia",ComputerScience,https://wuzzuf.net/jobs/p/g/aqtc3Z7TAtJQ-Software-Engineer---Intern-Remote-Internship---IT-Kreativstorm-Tabuk-Saudi-Arabia
R&D Engineer III,Rewaa,"Riyadh, Saudi Arabia",SoftwareDevelopment,https://wuzzuf.net/jobs/p/g/U2Rf6N4BqWED-RD-Engineer-III-Rewaa-Riyadh-Saudi-Arabia
IT Support Engineer,OpisokOrthoSpecializedClinic,"Dubai, United Arab Emirates",SoftwareEngineering,https://wuzzuf.net/jobs/p/g/FSTW1G7KhckL-IT-Support-Engineer-Opisok-Ortho-Specialized-Clinic-Dubai-United-Arab-Emirates
System Engineer (Application Support),HamadInternationalAirport,"Doha, Qatar",ComputerEngineering,https://wuzzuf.net/jobs/p/g/NbUUw2Tx1UBa-System-Engineer-Application-Support-Hamad-International-Airport-Doha-Qatar
Solutions Architect,Cloudera,"Riyadh, Saudi Arabia",Engineering,https://wuzzuf.net/jobs/p/g/SKa4tjzqdv0Q-Solutions-Architect-Cloudera-Riyadh-Saudi-Arabia
Network Security Engineer,NTTDATAInc,"Riyadh, Saudi Arabia",SQL,https://wuzzuf.net/jobs/p/g/MFiYovIPUdIS-Network-Security-Engineer-NTT-DATA-Inc-Riyadh-Saudi-Arabia
Senior Software Developer,PayTechGroup,"Doha, Qatar",InformationTechnologyIT,https://wuzzuf.net/jobs/p/g/DtG0gdhFCkc6-Senior-Software-Developer-PayTech-Group-Doha-Qatar
Network Security Engineer,NTT,"Riyadh, Saudi Arabia",ComputerScience,https://wuzzuf.net/jobs/p/g/aOQAdfVFITmY-Network-Security-Engineer-NTT-Riyadh-Saudi-Arabia
Internship - Software Engineer,Rize,"Riyadh, Saudi Arabia",SoftwareDevelopment,https://wuzzuf.net/jobs/p/g/AzpbvhMDmsQi-Internship---Software-Engineer-Rize-رايز-Riyadh-Saudi-Arabia
Internship - Data Analysis/ Science,Rize,"Riyadh, Saudi Arabia",SoftwareEngineering,https://wuzzuf.net/jobs/p/g/IV71O9n4M5hM-Internship---Data-Analysis-Science-Rize-رايز-Riyadh-Saudi-Arabia
"Bytedance, Graduate Corporate Information System, Dubai, 2025",ByteDance,"Dubai, United Arab Emirates",Engineering,https://wuzzuf.net/jobs/p/g/ZZw7dASS3FMs-Bytedance-Graduate-Corporate-Information-System-Dubai-2025-ByteDance-Dubai-United-Arab-Emirates
Engineering Manager – PO & QA,BSLBAESystemsStrategicAerospaceServicesWLL,"Doha, Qatar",ComputerEngineering,https://wuzzuf.net/jobs/p/g/hBsREUf31q0E-Engineering-Manager-–-PO-QA-BSL---BAE-Systems-Strategic-Aerospace-Services-WLL-Doha-Qatar
Project Analyst,Weee,"Riyadh, Saudi Arabia",Software,https://wuzzuf.net/jobs/p/g/ItW9uHbUSuEH-Project-Analyst-Weee-Riyadh-Saudi-Arabia
"Security Consultant, Red Team, Mandiant, Google Cloud",GoogleCloudMinnesota,"Doha, Qatar",RampD,https://wuzzuf.net/jobs/p/g/3O3yyTLWfGiO-Security-Consultant-Red-Team-Mandiant-Google-Cloud-Google-Cloud---Minnesota-Doha-Qatar
Manager – Model Development,AbuDhabiCommercialBank,"Dubai, United Arab Emirates",BusinessDevelopment,https://wuzzuf.net/jobs/p/g/HwFKjBIFjLmp-Manager-–-Model-Development-Abu-Dhabi-Commercial-Bank-Dubai-United-Arab-Emirates
"Associate, Business Manager",BlackRock,"Riyadh, Saudi Arabia",Sales,https://wuzzuf.net/jobs/p/g/K0KXFcbURLda-Associate-Business-Manager-BlackRock-Riyadh-Saudi-Arabia
